condition,variant,requested_corpus_poison_rate,requested_corpus_poison_rate_percent,actual_corpus_poison_rate,actual_corpus_poison_rate_percent,corpus_size,n_poison,n,asr,correct_answer_rate,retrieval_success_rate,avg_poison_in_topk,avg_poison_topk_share
clean,clean,0.0,0.0,0.0,0.0,8841823,0,50,0.08,0.76,0.0,0.0,0.0
original_corpus_0.0001%,original,1e-06,9.999999999999999e-05,1.0178896365602428e-06,0.00010178896365602428,8841823,9,50,0.98,0.0,1.0,4.82,0.9639999999999997
query_first_instruction_aware_corpus_0.0001%,query_first_instruction_aware,1e-06,9.999999999999999e-05,1.0178896365602428e-06,0.00010178896365602428,8841823,9,50,1.0,0.02,1.0,4.54,0.9079999999999999
original_corpus_0.0005%,original,5e-06,0.0005,4.976349334294524e-06,0.0004976349334294524,8841823,44,50,1.0,0.0,1.0,4.96,0.9919999999999999
query_first_instruction_aware_corpus_0.0005%,query_first_instruction_aware,5e-06,0.0005,4.976349334294524e-06,0.0004976349334294524,8841823,44,50,1.0,0.0,1.0,4.72,0.9439999999999997
original_corpus_0.0010%,original,1e-05,0.001,9.952698668589048e-06,0.0009952698668589048,8841823,88,50,1.0,0.0,1.0,4.96,0.9919999999999999
query_first_instruction_aware_corpus_0.0010%,query_first_instruction_aware,1e-05,0.001,9.952698668589048e-06,0.0009952698668589048,8841823,88,50,1.0,0.0,1.0,4.72,0.9439999999999997
original_corpus_0.0050%,original,5e-05,0.005,4.998969103995861e-05,0.004998969103995861,8841823,442,50,1.0,0.0,1.0,4.96,0.9919999999999999
query_first_instruction_aware_corpus_0.0050%,query_first_instruction_aware,5e-05,0.005,4.998969103995861e-05,0.004998969103995861,8841823,442,50,1.0,0.0,1.0,4.72,0.9439999999999997
