condition,variant,requested_corpus_poison_rate,requested_corpus_poison_rate_percent,actual_corpus_poison_rate,actual_corpus_poison_rate_percent,corpus_size,n_poison,n,asr,correct_answer_rate,retrieval_success_rate,avg_poison_in_topk,avg_poison_topk_share
clean,clean,0.0,0.0,0.0,0.0,8841823,0,50,0.04,0.56,0.0,0.0,0.0
original_corpus_0.0001%,original,1e-06,9.999999999999999e-05,1.0178896365602428e-06,0.00010178896365602428,8841823,9,50,0.12,0.26,1.0,4.7,0.94
query_first_instruction_aware_corpus_0.0001%,query_first_instruction_aware,1e-06,9.999999999999999e-05,1.0178896365602428e-06,0.00010178896365602428,8841823,9,50,0.1,0.32,0.96,4.5,0.9
original_corpus_0.0005%,original,5e-06,0.0005,4.976349334294524e-06,0.0004976349334294524,8841823,44,50,0.08,0.26,1.0,4.9,0.9799999999999999
query_first_instruction_aware_corpus_0.0005%,query_first_instruction_aware,5e-06,0.0005,4.976349334294524e-06,0.0004976349334294524,8841823,44,50,0.1,0.32,0.96,4.5,0.9
original_corpus_0.0010%,original,1e-05,0.001,9.952698668589048e-06,0.0009952698668589048,8841823,88,50,0.06,0.26,1.0,4.9,0.9799999999999999
query_first_instruction_aware_corpus_0.0010%,query_first_instruction_aware,1e-05,0.001,9.952698668589048e-06,0.0009952698668589048,8841823,88,50,0.12,0.32,0.96,4.5,0.9
original_corpus_0.0050%,original,5e-05,0.005,4.998969103995861e-05,0.004998969103995861,8841823,442,50,0.08,0.26,1.0,4.9,0.9799999999999999
query_first_instruction_aware_corpus_0.0050%,query_first_instruction_aware,5e-05,0.005,4.998969103995861e-05,0.004998969103995861,8841823,442,50,0.12,0.32,0.96,4.5,0.9
